timestamp,x,y,z
6.895,1.9922532608299426,0.00030901930777872867,0.0
6.995,1.9922473696898602,0.00034846119659409294,0.0
7.095,1.9922480819922788,0.00028227584388789865,0.0
7.195,1.9922434205259636,0.00031741880699149845,0.0
7.295,1.9922414930895598,0.000361044659816145,0.0
7.395,1.9922392585934348,0.00033127234583142054,0.0
7.495,1.992242361552197,0.0003530163503612735,0.0
7.595,1.9922401154890093,0.0003181474137894529,0.0
7.695,1.99223616127474,0.00036387673446762426,0.0
7.795,1.9922299448334688,0.0003949521325677988,0.0
7.895,1.9922254388202447,0.0003576697114664612,0.0
7.995,1.9922186554820986,0.0003626621177795983,0.0
8.095,1.9922188704132633,0.0003906324419249725,0.0
8.195,1.9922242081020203,0.00038782276989048525,0.0
8.295,1.9922058850728506,0.00041298619416006726,0.0
8.395,1.9922175238403903,0.00041773789731743,0.0
8.495,1.992203165874894,0.0004193655618318507,0.0
8.595,1.992208951965178,0.0004184640176476186,0.0
8.695,1.992208659777361,0.0004271447336126144,0.0
8.795,1.9921971862928276,0.00043783596288084924,0.0
8.895,1.992197113244024,0.00045372405686269627,0.0
8.995000000000001,1.9921979725725507,0.00043710835771156107,0.0
9.095,1.992744507321352,0.00047813827931444253,0.0
9.195,2.001599040208904,0.00046136682349955094,0.0
9.295,2.0201457260622337,0.0004560847169423821,0.0
9.395,2.0486376401803317,0.0004424779586182842,0.0
9.495,2.0815434797630354,0.0004206956975234196,0.0
9.595,2.115549419524941,0.00040882244583956593,0.0
9.695,2.1488691203135737,0.0004116149873637108,0.0
9.795,2.182891464160647,0.0004086931644378905,0.0
9.895,2.216545210425783,0.00042091766378667334,0.0
9.995000000000001,2.2506429998430493,0.0004372505652677065,0.0
10.095,2.2833329787106784,0.0004515409117580039,0.0
10.195,2.318345632544,0.00046836407521056984,0.0
10.295,2.350907372577712,0.00048501575436065775,0.0
10.395,2.3856877490568325,0.0004992718209525289,0.0
10.495,2.418192790569571,0.000512309696455006,0.0
10.595,2.453076718832042,0.000526994734370828,0.0
10.695,2.4863245322212406,0.0005402479437953513,0.0
10.795,2.5205783777894872,0.0005552599183065355,0.0
10.895,2.553727685556736,0.0005712699432868573,0.0
10.995000000000001,2.587801749163176,0.0005877678388715922,0.0
11.095,2.621159596650393,0.0005999675988533753,0.0
11.195,2.6553897513216183,0.0006158677415792369,0.0
11.295,2.6886220610014253,0.0005949334319544917,0.0
11.395,2.722661170295447,0.0005868654627527752,0.0
11.495,2.7526594017045527,0.0006085222466932001,0.0
11.595,2.7728824545817266,0.0006310363214530985,0.0
11.695,2.788903587788384,0.0006422400750689985,0.0
11.795,2.800077881666134,5.255822066977181e-05,0.0
11.895,2.810158674810383,-0.0009909700563885818,0.0
11.995000000000001,2.820197626698488,-0.002582131124908639,0.0
12.095,2.830076809039704,-0.0048513229082992725,0.0
12.195,2.839720223323254,-0.007728023333903659,0.0
12.295,2.8497189732155133,-0.011265937857552734,0.0
12.395,2.8596492878805253,-0.015565722524502074,0.0
12.495,2.8694012588937716,-0.019704884600319453,0.0
12.595,2.878579495246566,-0.02424841013867743,0.0
12.695,2.8873846007981663,-0.029365594530139764,0.0
12.795,2.895756693149095,-0.035118192704263695,0.0
12.895,2.903933709808887,-0.04117160580694036,0.0
12.995000000000001,2.9081435037821954,-0.04475047337439417,0.0
13.095,2.90482696375251,-0.041970202331663924,0.0
13.195,2.8959128265968324,-0.03343239924371591,0.0
13.295,2.885332609715776,-0.021990487267167062,0.0
13.395,2.8783308141978,-0.013112743406665815,0.0
13.495,2.877341566055651,-0.01246902532829247,0.0
13.595,2.881687801430459,-0.021405126608701197,0.0
13.695,2.8882303802411307,-0.03886463010113324,0.0
13.795,2.894112498647831,-0.06192187818746015,0.0
13.895,2.899830452849101,-0.088426873073889,0.0
13.995000000000001,2.9050267992460292,-0.11540778781173021,0.0
14.095,2.9093684513180347,-0.14309760252556097,0.0
14.195,2.91321445508438,-0.17300831664541683,0.0
14.295,2.9171390024108286,-0.20702530008100772,0.0
14.395,2.9208637040201157,-0.2407441033081325,0.0
14.495,2.9239082326933423,-0.27435142372445953,0.0
14.595,2.9275631128063466,-0.3084363762476068,0.0
14.695,2.9309478058093394,-0.3427045624390814,0.0
14.795,2.933364669587177,-0.3752269157359204,0.0
14.895,2.936377801036063,-0.4096506059856166,0.0
14.995000000000001,2.938626471345669,-0.4428824926721393,0.0
15.095,2.9410529059913335,-0.4776814912626675,0.0
15.195,2.943322527816057,-0.5116311257567969,0.0
15.295,2.9458281701637543,-0.5461099205795763,0.0
15.395,2.9478123440733923,-0.5798467634774509,0.0
15.495,2.9505695525207005,-0.6145577990164299,0.0
15.595,2.9527738734234976,-0.6491018702417526,0.0
15.695,2.955412951132789,-0.6838563931229547,0.0
15.795,2.957526255456072,-0.7174001887795605,0.0
15.895,2.9601956711306174,-0.7517826839221509,0.0
15.995000000000001,2.96207995544164,-0.7851264157307354,0.0
16.095,2.9649463979463535,-0.8197933651766175,0.0
16.195,2.967309813293417,-0.8537598253841819,0.0
16.295,2.969788912193822,-0.8879320530271017,0.0
16.395,2.9721911865060804,-0.9217133055638405,0.0
16.495,2.9750846269680205,-0.955950721484057,0.0
16.595,2.9774412987836394,-0.9899299366174711,0.0
16.695,2.9802772759057703,-1.0242145660161832,0.0
16.795,2.9826616715370595,-1.0566639521037815,0.0
16.895,2.985562404930808,-1.0886683874746736,0.0
16.995,2.9876036746041637,-1.1203377755816002,0.0
17.095,2.989300408515528,-1.1540714106450698,0.0
17.195,2.9915544246314303,-1.1852723155372278,0.0
17.295,2.993171995460644,-1.2097325288286922,0.0
17.395,2.9950665385256148,-1.22796868459258,0.0
17.495,2.9956259670815,-1.2410944093916945,0.0
17.595,2.9956823486255084,-1.2516710452391886,0.0
17.695,2.995106368628861,-1.262320592785773,0.0
17.795,2.993836923482578,-1.272729304098572,0.0
17.895,2.991876146657963,-1.283297141712249,0.0
17.995,2.989212222437515,-1.2939321321521142,0.0
18.095,2.9862881563757706,-1.3045336725909245,0.0
18.195,2.983114967478273,-1.3149057085934361,0.0
18.295,2.979365104648939,-1.3247089585447978,0.0
18.395,2.9750526343655377,-1.3340971028561552,0.0
18.495,2.97014762135506,-1.342989964922437,0.0
18.595,2.9649245710198326,-1.3516791095093224,0.0
18.695,2.959184819189261,-1.3600386189192513,0.0
18.795,2.9557114933583373,-1.3641648215290452,0.0
18.895,2.9585472282906853,-1.3604641978644687,0.0
18.995,2.9669035279478977,-1.3510570286013461,0.0
19.095,2.978158675786557,-1.3401342477936415,0.0
19.195,2.9864422440210183,-1.333163898197398,0.0
19.295,2.9863929645272878,-1.3320444512851355,0.0
19.395,2.977879273270473,-1.3363022561343825,0.0
19.495,2.960736752899125,-1.3433290929370045,0.0
19.595,2.9377691472146052,-1.3510367989660583,0.0
19.695,2.9112216418397923,-1.3585570204325594,0.0
19.795,2.884503719686693,-1.3654371530003795,0.0
19.895,2.8583427252595976,-1.3711544204816142,0.0
19.995,2.8308164238445697,-1.3765156681335715,0.0
20.095,2.800811019126129,-1.381390453017774,0.0
20.195,2.7678633435365003,-1.386430300313349,0.0
20.295,2.733442607508153,-1.3914115836402936,0.0
20.395,2.7003584312895264,-1.3955381933066546,0.0
20.495,2.665391387185282,-1.400278391818087,0.0
20.595,2.631713406040088,-1.4037745404975726,0.0
20.695,2.5970880229027897,-1.4076556317899107,0.0
20.795,2.5633053623412403,-1.410555834485501,0.0
20.895,2.5289815119412253,-1.414036337092024,0.0
20.995,2.4951537241752524,-1.4167167151042104,0.0
21.095,2.4607184229087116,-1.4196680369996766,0.0
21.195,2.426722427475044,-1.42149835112135,0.0
21.295,2.3923494042232796,-1.4235097227594087,0.0
21.395,2.358114216268273,-1.4248473424550145,0.0
21.495,2.323399327681194,-1.4264800967577227,0.0
21.595,2.2889714247614674,-1.4274384883421125,0.0
21.695,2.2547876523974866,-1.428517693370598,0.0
21.795,2.220929082079654,-1.4291414344083142,0.0
21.895,2.186495711142231,-1.429636841143989,0.0
21.995,2.152406621661704,-1.430213693230423,0.0
22.095,2.118158348048748,-1.4302954897628397,0.0
22.195,2.0833807690742736,-1.4299401745158737,0.0
22.295,2.049519908148997,-1.4296189821138205,0.0
22.395,2.0149504502827646,-1.429214126522501,0.0
22.495,1.9812482884560474,-1.4286174876654083,0.0
22.595,1.9462824036599113,-1.4278101830593262,0.0
22.695,1.9121390507223621,-1.4261924230269325,0.0
22.795,1.8777133628408038,-1.4247388750875452,0.0
22.895,1.8435221387532426,-1.4227095691004634,0.0
22.995,1.8089936064522827,-1.4209071061686571,0.0
23.095,1.7758639312672568,-1.418937828821944,0.0
23.195,1.7405190608139685,-1.4164250623547006,0.0
23.295,1.707020887457898,-1.4133908355467737,0.0
23.395,1.6720744527636024,-1.41002853532945,0.0
23.495,1.6388445055473686,-1.405975699359883,0.0
23.595,1.604042364993445,-1.4015509321339779,0.0
23.695,1.571181785141841,-1.396720716401508,0.0
23.795,1.536646342590621,-1.3915552869632275,0.0
23.895,1.5037507249261426,-1.3863067090135612,0.0
23.995,1.469616492303149,-1.3807974772054943,0.0
24.095,1.4361700652675053,-1.3749773201503368,0.0
24.195,1.401956528685294,-1.3690769728007601,0.0
24.295,1.368876413880645,-1.3626304045274789,0.0
24.395,1.334956730599988,-1.355866403023836,0.0
24.495,1.3021787306462207,-1.3488877237760426,0.0
24.595,1.2684173857776464,-1.3415658789809746,0.0
24.695,1.2353685564917212,-1.3336553722994262,0.0
24.795,1.2019892614946632,-1.3255358581982781,0.0
24.895,1.1692465484682404,-1.317344619938887,0.0
24.995,1.1360500659599329,-1.3082702368336658,0.0
25.095,1.1034480724023943,-1.299338792120155,0.0
25.195,1.0700448253758081,-1.289274147455728,0.0
25.295,1.0374471928964057,-1.278765536920498,0.0
25.395,1.005165507137316,-1.267960577640819,0.0
25.495,0.9729144195691697,-1.2562233244146839,0.0
25.595,0.9411754424413142,-1.2437550818606042,0.0
25.695,0.9090733376286032,-1.2311329558741606,0.0
25.795,0.8783301435304368,-1.2181365565388602,0.0
25.895,0.8457853428665111,-1.2038720356795445,0.0
25.995,0.8144723068129226,-1.1900039192763217,0.0
26.095,0.783022376175147,-1.1761695749784478,0.0
26.195,0.7526331201882084,-1.1621329833590872,0.0
26.295,0.7211898344606029,-1.1478888198550288,0.0
26.395,0.6906330297907148,-1.1332312814096372,0.0
26.495,0.6595724814915447,-1.1184517216137602,0.0
26.595,0.6292883709962137,-1.1034517390334921,0.0
26.695,0.5981804938858322,-1.0884945295328867,0.0
26.795,0.5679755953929123,-1.073613441662824,0.0
26.895,0.5371025407053471,-1.058427305995307,0.0
26.995,0.5069928013484644,-1.0434964023326851,0.0
27.095,0.4760445078311619,-1.0277595252462641,0.0
27.195,0.4462073583546671,-1.0122417014968994,0.0
27.295,0.41506659671511953,-0.9958436904202038,0.0
27.395,0.3855151614210659,-0.980251153437186,0.0
27.495,0.35442834403952633,-0.9639913366634689,0.0
27.595,0.3254510570871544,-0.9487771457909276,0.0
27.695,0.29432929800796387,-0.9323776831783779,0.0
27.795,0.2649586383596262,-0.916298411251914,0.0
27.895,0.23467686430946194,-0.899502768491558,0.0
27.995,0.20559607397476254,-0.8820916466430581,0.0
28.095,0.176014342169625,-0.8641092850957018,0.0
28.195,0.14751164877602804,-0.8454621134356686,0.0
28.295,0.11874069765518527,-0.8267552190143077,0.0
28.395,0.09107015455488955,-0.8079186087595518,0.0
28.495,0.06263944954284847,-0.7882636032863429,0.0
28.595,0.03492603012973765,-0.7678151527713662,0.0
28.695,0.007650306849941343,-0.747317647523447,0.0
28.795,-0.019497477083589027,-0.7264795001155976,0.0
28.895,-0.04599770697447484,-0.7056169990613123,0.0
28.995,-0.07301073014245561,-0.6838189863108659,0.0
29.095,-0.09900975268572543,-0.6625960855260657,0.0
29.195,-0.12563966084043518,-0.6400233148553108,0.0
29.295,-0.1510367219720664,-0.6179855659669853,0.0
29.395,-0.1773693404610056,-0.5951206981817826,0.0
29.495,-0.20261015885355985,-0.5722638983486884,0.0
29.595,-0.22876026064120275,-0.548857944362334,0.0
29.695,-0.25284646680223266,-0.5259361205247676,0.0
29.795,-0.27852858235538824,-0.5021214110638986,0.0
29.895,-0.30228540299472667,-0.47939839702150966,0.0
29.995,-0.3274891029593509,-0.4552539850510215,0.0
30.095,-0.3515030625988203,-0.43182072203980454,0.0
30.195,-0.37672238305234146,-0.4073555655630493,0.0
30.295,-0.4001081590617588,-0.3838405478578034,0.0
30.395,-0.42479901753686433,-0.35890722109960604,0.0
30.495,-0.4480613602357847,-0.3348805186636869,0.0
30.595,-0.47200573806246837,-0.3099058694181027,0.0
30.695,-0.4947014413315806,-0.2854630062520057,0.0
30.795,-0.5183727982932651,-0.2600354405000951,0.0
30.895,-0.5405506136875794,-0.2346529883366129,0.0
30.995,-0.5632210601489674,-0.20843790323158964,0.0
31.095,-0.5845728623029425,-0.1822545780934805,0.0
31.195,-0.6066213624633608,-0.15528360889796677,0.0
31.295,-0.6276760435453629,-0.12881402441061324,0.0
31.395,-0.6493153055010025,-0.10188021448965473,0.0
31.495,-0.6704122142255446,-0.07497438832298857,0.0
31.595,-0.6918817052242575,-0.04820972390151925,0.0
31.695,-0.7126306585809228,-0.021525726197169047,0.0
31.795,-0.7342805984963291,0.005709343275251432,0.0
31.895,-0.7549959865206434,0.03205645705820206,0.0
31.995,-0.7767931819130913,0.0596468197155504,0.0
32.095,-0.7975851544922825,0.08673575994150262,0.0
32.195,-0.8182684586133084,0.11398740323705929,0.0
32.295,-0.8387061708280138,0.14187749430453211,0.0
32.395,-0.8587118551929713,0.16949141097947854,0.0
32.495,-0.8783784015909145,0.19735793833413243,0.0
32.595,-0.8977924269176876,0.2250307753479775,0.0
32.695,-0.9178558263752736,0.25376444779311585,0.0
32.795,-0.9363384745456294,0.2817745167992288,0.0
32.895,-0.9557032836763596,0.311341106137513,0.0
32.995,-0.9732852664549354,0.3392801494979693,0.0
33.095,-0.9918159296062824,0.36904696582706636,0.0
33.195,-1.0089417030922165,0.39811607623931083,0.0
33.295,-1.0268121791958367,0.4283167352005033,0.0
33.395,-1.0429946362460563,0.4574763104036124,0.0
33.496,-1.0603175805631253,0.48834803233031737,0.0
33.596000000000004,-1.0762262604128698,0.5180860141684798,0.0
33.696,-1.09280491159478,0.5485066405522312,0.0
33.796,-1.1088196355737463,0.5789170909081442,0.0
33.896,-1.124924964331271,0.6097816070832413,0.0
33.996,-1.1405003591572065,0.6397361504208526,0.0
34.096,-1.1563605331528564,0.6706287554482054,0.0
34.196,-1.1712033758436877,0.7008951467172018,0.0
34.296,-1.187044870731215,0.7315258768901124,0.0
34.396,-1.2017804135982204,0.7617526858238172,0.0
34.496,-1.2174394349034656,0.7930002271507498,0.0
34.596000000000004,-1.2313599694521902,0.8236126489643892,0.0
34.697,-1.246060348104315,0.8555615095282403,0.0
34.797,-1.2595705425262087,0.886690805701176,0.0
34.897,-1.2736685086176673,0.9188640007373509,0.0
34.997,-1.2861545094684481,0.9500736889064623,0.0
35.097,-1.299392995883017,0.9825120973597313,0.0
35.197,-1.311409805193485,1.0146673378128852,0.0
35.297,-1.3239224668103629,1.0468934523570226,0.0
35.397,-1.3349321276443438,1.0787780122585329,0.0
35.497,-1.3467104480424288,1.1116691076104521,0.0
35.597,-1.3579773261333201,1.1436647166236633,0.0
35.697,-1.3697773742428785,1.1759782128868699,0.0
35.798,-1.3811201722384532,1.208497610132671,0.0
35.898,-1.3928551769672528,1.24098013822075,0.0
35.998,-1.404058348801675,1.2733215855312134,0.0
36.098,-1.4152719586573874,1.3051358597714775,0.0
36.198,-1.425964970370994,1.338557952635843,0.0
36.298,-1.4359932836278109,1.3707869854692287,0.0
36.398,-1.4458370757317798,1.4045496624649954,0.0
36.498,-1.4547518444285077,1.4371378016939391,0.0
36.598,-1.4640043868482961,1.4714118159612173,0.0
36.699,-1.472089062630835,1.5037383059765033,0.0
36.799,-1.480936205973541,1.5383021145574385,0.0
36.899,-1.487884925825532,1.5709188066210356,0.0
36.999,-1.4954870491305805,1.6054021133956677,0.0
37.099,-1.5019790287223915,1.6385117034846721,0.0
37.199,-1.5088761628994272,1.6727811175802492,0.0
37.299,-1.514506481524959,1.7056452520173022,0.0
37.399,-1.5210150980426134,1.7400884465474913,0.0
37.499,-1.525985643076056,1.7736294899357443,0.0
37.599,-1.5315350366410272,1.8082712124298943,0.0
37.699,-1.5356907961760364,1.8414639448527552,0.0
37.799,-1.540861939485364,1.8761851862499128,0.0
37.899,-1.5445227308553287,1.909974376102065,0.0
37.999,-1.5489665071106238,1.9446992984692482,0.0
38.099,-1.5519435264819874,1.979079310449492,0.0
38.199,-1.5553232174945832,2.013318206734743,0.0
38.299,-1.5577142092275007,2.0470272322699317,0.0
38.399,-1.5606292278913274,2.081446573823909,0.0
38.499,-1.562553994248097,2.1152719784465774,0.0
38.599,-1.5648973150663825,2.150195451607077,0.0
38.699,-1.566246671981614,2.1847237911104003,0.0
38.799,-1.5677584663072113,2.219082502678482,0.0
38.899,-1.5682429656683265,2.2534501852542217,0.0
38.999,-1.569466797496502,2.2878343829982364,0.0
39.099,-1.569495836338617,2.3224951059936267,0.0
39.199,-1.57006227523081,2.3569619861589333,0.0
39.299,-1.5695440719990144,2.3909941242228374,0.0
39.399,-1.5694607381040317,2.425115829910637,0.0
39.499,-1.5689569797566023,2.4587360302565813,0.0
39.599,-1.5685421868248128,2.493273865989274,0.0
39.699,-1.5677995981579702,2.5278658572267325,0.0
39.799,-1.5669314029798949,2.561815173856927,0.0
39.899,-1.5659341944828202,2.5960491721766057,0.0
39.999,-1.564738314460488,2.63033786831073,0.0
40.099,-1.563245434783146,2.664857692385369,0.0
40.199,-1.5621156414066901,2.6984782640790295,0.0
40.299,-1.5605471854141435,2.7336944795173177,0.0
40.399,-1.5583754222040984,2.767008966266492,0.0
40.499,-1.556242643990969,2.8023858938753277,0.0
40.599,-1.553388629302145,2.835066919521478,0.0
40.699,-1.5505171584036204,2.8699619321440797,0.0
40.799,-1.5473581854526524,2.903059414816992,0.0
40.899,-1.544464064953313,2.937673358034259,0.0
40.99,-1.5415801586589102,2.967908528340708,0.0
41.0,-1.5409832893295674,2.971243966454932,0.0
41.09,-1.5381594100108995,3.0024521337781263,0.0
41.19,-1.534798136354403,3.0360171833912033,0.0
41.29,-1.5309441471259455,3.070422277648699,0.0
41.3,-1.530787075355897,3.073923765415762,0.0
41.39,-1.5273050460063284,3.103795797561105,0.0
41.4,-1.5271091889041648,3.1067169325047215,0.0
41.49,-1.5233607264525912,3.1378493263568483,0.0
41.5,-1.5231394367970226,3.1413870850275387,0.0
41.59,-1.5192651925733014,3.17144589740335,0.0
41.6,-1.5190205133813979,3.174316078283623,0.0
41.69,-1.5146522585009776,3.205529587002668,0.0
41.7,-1.5144402848610545,3.208994657257971,0.0
41.79,-1.510277769950001,3.2387449357369436,0.0
41.8,-1.510011343567873,3.2417544065968946,0.0
41.893,-1.5052904472015227,3.2740767407289346,0.0
41.993,-1.5008446972787142,3.307467639714831,0.0
42.094,-1.4955765747273915,3.3418761034284996,0.0
42.194,-1.490170075074185,3.3751089098577642,0.0
42.294,-1.4840239987690829,3.4092899110426624,0.0
42.394,-1.478159737657201,3.4427857873843517,0.0
42.494,-1.4722237956149937,3.476543002154084,0.0
42.594,-1.4654017385300455,3.509811993308337,0.0
42.694,-1.457881301125047,3.543227149549455,0.0
42.794,-1.450323698743693,3.576941891089745,0.0
42.894,-1.442228506151674,3.6098699041793063,0.0
42.994,-1.4335426446051842,3.6434744239545456,0.0
43.094,-1.4249800638044599,3.6758974384565986,0.0
43.194,-1.416075805779075,3.7091919953313974,0.0
43.294,-1.406396630427501,3.7417625387910807,0.0
43.394,-1.3964285401760703,3.775306141167101,0.0
43.494,-1.3865905028737682,3.8068050025746207,0.0
43.594,-1.375901212799464,3.8399832818419806,0.0
43.694,-1.3650377660046435,3.872050311208859,0.0
43.794,-1.353627371414191,3.9050372211243576,0.0
43.894,-1.342535048893172,3.9362645601386888,0.0
43.994,-1.330304661343935,3.9689157013464444,0.0
44.094,-1.3176709367721378,4.0006482371643,0.0
44.194,-1.3047829217367621,4.033101165015894,0.0
44.294,-1.292916745297246,4.064050609822986,0.0
44.394,-1.2796736053083393,4.096387265470162,0.0
44.494,-1.2666538739930329,4.127064068326449,0.0
44.594,-1.2524249248315398,4.158795817727911,0.0
44.694,-1.23776189953354,4.189116583295329,0.0
44.794,-1.2226750141516998,4.220307492462026,0.0
44.894,-1.207469470674458,4.25077066993784,0.0
44.994,-1.1921091061610105,4.28206780274579,0.0
45.094,-1.1765501836651164,4.312431323421594,0.0
45.194,-1.1608131416742433,4.3431292022423404,0.0
45.294,-1.1446540050346303,4.372835812142796,0.0
45.394,-1.1279794210201082,4.4032020147734,0.0
45.494,-1.1109987419736624,4.433299141981907,0.0
45.594,-1.0940424827713444,4.463628511255945,0.0
45.694,-1.077235543133788,4.493550535124085,0.0
45.794,-1.0605275383715271,4.523445931197344,0.0
45.894,-1.0431905727050983,4.5525853413487996,0.0
45.994,-1.0251796517713019,4.582191316073563,0.0
46.094,-1.0073357771320228,4.611925372388741,0.0
46.194,-0.98936289186172,4.64073619138154,0.0
46.294,-0.9704929872925893,4.6697195608294795,0.0
46.395,-0.9511936049637514,4.69794070272349,0.0
46.495,-0.931313257297725,4.72637661871357,0.0
46.595,-0.9120887963577249,4.754139110050648,0.0
46.695,-0.8926912783295718,4.7822016800749525,0.0
46.795,-0.8731012100421156,4.809310599234589,0.0
46.895,-0.8523243765293969,4.837578315103965,0.0
46.995,-0.8319670276016867,4.86395808188946,0.0
47.095,-0.8103375166911826,4.891688072197503,0.0
47.195,-0.7894005425673442,4.9175152303821905,0.0
47.295,-0.7674343125352274,4.944311646470222,0.0
47.395,-0.7457874523503476,4.969488765025788,0.0
47.495,-0.7228527801352992,4.995843761921304,0.0
47.595,-0.7001820161742507,5.021161284897503,0.0
47.695,-0.6773424454951683,5.046942402077729,0.0
47.795,-0.6550023307526547,5.071777688254889,0.0
47.895,-0.6315081089206357,5.097396383193986,0.0
47.995,-0.6084665148203358,5.121656017017309,0.0
48.095,-0.5840188242067458,5.146272578863308,0.0
48.195,-0.5597794389940972,5.169565366292369,0.0
48.295,-0.5345978211082308,5.193687112298754,0.0
48.395,-0.5098213994110061,5.216730436681807,0.0
48.495,-0.48476475661707397,5.240287067324087,0.0
48.595,-0.46033260728900977,5.262622429401552,0.0
48.695,-0.43464346797385905,5.286221544376489,0.0
48.795,-0.40936055399986754,5.308538089861857,0.0
48.895,-0.3834002105943182,5.331543748168109,0.0
48.995,-0.35745918764101614,5.353567929043063,0.0
49.095,-0.3310861335354735,5.375908129600908,0.0
49.195,-0.3048344827529001,5.397364819621917,0.0
49.295,-0.2782730216874086,5.418916184277047,0.0
49.395,-0.2508430370966358,5.439642233956254,0.0
49.496,-0.2230765046003985,5.46058917454677,0.0
49.596000000000004,-0.19527947350384345,5.480573957579757,0.0
49.696,-0.16749937775086327,5.500297255111164,0.0
49.796,-0.1397119263488428,5.519893529696052,0.0
49.896,-0.11154257184586579,5.539816049707243,0.0
49.996,-0.08329149979179769,5.559650571329809,0.0
50.096,-0.0558062898347068,5.5785606750882835,0.0
50.197,-0.02640275250173596,5.597834937599111,0.0
50.297,0.0015009624276829823,5.616030496951021,0.0
50.397,0.031435283101102024,5.634658689577738,0.0
50.497,0.060080883740459584,5.651565460620835,0.0
50.597,0.09030216621820103,5.669823011800617,0.0
50.697,0.11898813632427292,5.68656309547364,0.0
50.797,0.14945498897091258,5.704453045268721,0.0
50.897,0.17804424447594297,5.720486833049987,0.0
50.997,0.20911018679761179,5.737671877499482,0.0
51.097,0.23900645103341417,5.752965879848465,0.0
51.197,0.2696976880565167,5.769117474278821,0.0
51.297,0.299384880414372,5.784133430797734,0.0
51.397,0.3309849464325879,5.800272318724519,0.0
51.497,0.3610763529937684,5.81458679924657,0.0
51.598,0.3930484712521458,5.829720959149425,0.0
51.698,0.4230689694059963,5.842815496101141,0.0
51.798,0.4551106808116461,5.857602696343204,0.0
51.898,0.48596173015193606,5.8705562535288,0.0
51.998,0.5177811263351193,5.884771884535277,0.0
52.098,0.5487529184662274,5.897625960708677,0.0
52.198,0.58043058479714,5.911318575502616,0.0
52.298,0.6115091141662817,5.923391523875368,0.0
52.398,0.6438682255648229,5.93663170593279,0.0
52.498,0.6756979000062291,5.948228338893359,0.0
52.598,0.7076035710894154,5.960138955839264,0.0
52.699,0.7406373069294125,5.971383937930575,0.0
52.799,0.7729280578910107,5.982703932715957,0.0
52.899,0.8046009685076253,5.992738264667937,0.0
52.999,0.8377232706314137,6.003831453154917,0.0
53.099,0.8701783538237513,6.0133749537252825,0.0
53.199,0.9029396198557507,6.023540500302371,0.0
53.299,0.9362543435926038,6.032867776531597,0.0
53.399,0.9685362798384467,6.041773439331587,0.0
53.499,1.0023203835452716,6.050453121257539,0.0
53.599,1.0342648817493183,6.058629900631739,0.0
53.699,1.0680156231428115,6.067176787365002,0.0
53.799,1.1007169676348039,6.07506804460579,0.0
53.899,1.1354649846967668,6.082876300819646,0.0
53.999,1.1678988208976173,6.089083623787727,0.0
54.09,1.1985496486687415,6.095723427230289,0.0
54.19,1.2317849117309023,6.10223405563954,0.0
54.2,1.2350289662650742,6.1025547181454565,0.0
54.29,1.2659539933707755,6.108379922412124,0.0
54.3,1.2692426122847762,6.109029093070214,0.0
54.39,1.2994075041640207,6.114267603824559,0.0
54.49,1.3334241385954804,6.119645494750422,0.0
54.59,1.3663752081221725,6.124636471046651,0.0
54.6,1.3697208596937325,6.124749127029692,0.0
54.69,1.4005615220179544,6.129734409354898,0.0
54.7,1.4040986049392934,6.130426281072626,0.0
54.79,1.4342733304810225,6.134685752492551,0.0
54.89,1.4685558625653334,6.139005414461906,0.0
54.9,1.472009653020976,6.139702569038148,0.0
54.99,1.5013666936214614,6.142966335741503,0.0
55.0,1.5043140434022224,6.142918954215387,0.0
55.09,1.5357384386931907,6.147288461206165,0.0
55.19,1.5693873404766159,6.15112718640776,0.0
55.29,1.6037695127170297,6.154990761875066,0.0
55.39,1.6372601440744814,6.158572139130807,0.0
55.4,1.6406590371350864,6.158652708959413,0.0
55.49,1.671544628611467,6.162048844442557,0.0
55.5,1.6751135875535559,6.162688047087327,0.0
55.59,1.7058184248623949,6.1649784191741075,0.0
55.6,1.7092823991323316,6.1651549857230865,0.0
55.69,1.7399800755050845,6.167537805141306,0.0
55.7,1.743444235830384,6.168122561713059,0.0
55.79,1.7739577083947822,6.169823889828791,0.0
55.8,1.7773658525216147,6.169937316022652,0.0
55.89,1.8082581436719414,6.172212738741026,0.0
55.99,1.8424180654292657,6.1739007699184,0.0
56.0,1.8458753354928612,6.17395492148273,0.0
56.09,1.8768454410601783,6.175411993358848,0.0
56.19,1.9113271623752064,6.176510923458056,0.0
56.29,1.9451209987345488,6.177496584300318,0.0
56.3,1.9487377800308026,6.177601283108622,0.0
56.39,1.9796383240590676,6.178056672436191,0.0
56.49,2.0137020485131187,6.17831842858404,0.0
56.5,2.0172902880753654,6.1783231397946565,0.0
56.59,2.0485683725283605,6.178380638598545,0.0
56.69,2.082424237490589,6.178103772984877,0.0
56.7,2.0857205025348,6.178106857654898,0.0
56.79,2.1171486450853387,6.177371886618689,0.0
56.89,2.1510291694168746,6.176328063351083,0.0
56.99,2.1860683046493956,6.17485240417726,0.0
57.0,2.189461606678225,6.174734856005067,0.0
57.09,2.2172927075934283,6.1732325720125685,0.0
57.19,2.242082754939153,6.171337320096204,0.0
57.3,2.2583042999948115,6.169661455311105,0.0
57.39,2.2681223271433963,6.168120771235126,0.0
57.49,2.2786866803975743,6.166025911691212,0.0
57.59,2.2888449358856673,6.1632844098135875,0.0
57.6,2.2899465551878286,6.162982716600249,0.0
57.69,2.298898791540718,6.1599105868176025,0.0
57.7,2.300017477855102,6.15952326720605,0.0
57.79,2.3088823753861676,6.155848406007009,0.0
57.89,2.3188766617221868,6.151058227365286,0.0
57.99,2.328429213501781,6.145894843076972,0.0
58.09,2.337871431679313,6.140195036812552,0.0
58.19,2.347008189710556,6.134379465749218,0.0
58.2,2.3479906700973943,6.133729964530272,0.0
58.29,2.3558300621360395,6.128001098914914,0.0
58.3,2.3565017859712425,6.127346654379037,0.0
58.39,2.3641140545561186,6.121194424835938,0.0
58.4,2.364834938918763,6.12051554209905,0.0
58.49,2.371900237658383,6.114015080158375,0.0
58.59,2.3789493950907237,6.106610823875275,0.0
58.69,2.3828264472701197,6.101831987014224,0.0
58.7,2.3828442117351,6.1018419788649725,0.0
58.79,2.380490797348445,6.104862320997747,0.0
58.8,2.3800125567077113,6.10548352070428,0.0
58.89,2.3734046219980174,6.114465964438452,0.0
58.9,2.3726778347203,6.115518184159789,0.0
58.99,2.367595887179626,6.123329223235375,0.0
59.09,2.3670582769269224,6.122884096049649,0.0
59.19,2.3700355333970387,6.114130060705218,0.0
59.29,2.3750362919442014,6.096201027656502,0.0
59.3,2.375386868658484,6.09413759639607,0.0
59.39,2.3801488300783626,6.072523397745823,0.0
59.4,2.3806080135464027,6.070034305804601,0.0
59.49,2.385486941643646,6.043046969793071,0.0
59.5,2.3858119448162003,6.039827670813143,0.0
59.59,2.390992686922419,6.009270978378348,0.0
59.6,2.391656014620322,6.005974708749413,0.0
59.69,2.396269423623044,5.976028815749896,0.0
59.7,2.3966466435585403,5.973090540873333,0.0
59.79,2.4013753084843588,5.943118448857538,0.0
59.8,2.401931722776013,5.939845719839099,0.0
59.89,2.4065837151498175,5.908642937502908,0.0
59.99,2.411735211578751,5.875716926445053,0.0
60.0,2.4122270146383795,5.872396223811947,0.0
60.09,2.416695946752962,5.841796067796206,0.0
60.2,2.422674847950007,5.804400644479354,0.0
60.3,2.4276990989292586,5.7704709174620055,0.0
60.39,2.432786698220165,5.7393082547081065,0.0
60.4,2.4330934539172264,5.735751973352842,0.0
60.49,2.4378756393296372,5.705640818991272,0.0
60.59,2.4432697429417396,5.671604812142458,0.0
60.69,2.4480298551945525,5.640353528400443,0.0
60.79,2.4520861785906702,5.6134157721713125,0.0
60.8,2.4522866577200304,5.610577343848692,0.0
60.89,2.455683747685875,5.583476892665987,0.0
60.9,2.456080925901456,5.5802126367307645,0.0
60.99,2.459360074086468,5.55033115904862,0.0
61.09,2.4632084134504497,5.5159953767671785,0.0
61.1,2.463571621377982,5.512569809645862,0.0
61.19,2.4666723973895412,5.48307505359572,0.0
61.2,2.4666958509126666,5.479748907471322,0.0
61.29,2.470483567854591,5.4488522122950345,0.0
61.39,2.473792400305002,5.415770628379923,0.0
61.4,2.473925021294008,5.412797727652194,0.0
61.49,2.4774485510178166,5.3815264473735995,0.0
61.5,2.4778309071536486,5.378128157126171,0.0
61.59,2.480668112624067,5.348272728159112,0.0
61.6,2.4808533441069263,5.345286877773756,0.0
61.7,2.484504839009889,5.310341611405129,0.0
61.79,2.4873333374640128,5.280214481913165,0.0
61.8,2.4877384193381067,5.276913669183523,0.0
61.89,2.490644525250185,5.245798762159196,0.0
61.991,2.494156299772524,5.210955884670611,0.0
62.091,2.4972458658902155,5.177358468980418,0.0
62.192,2.500208906331855,5.145746937193683,0.0
62.292,2.502027090797277,5.118652722968926,0.0
62.392,2.5031690165699447,5.089396663328602,0.0
62.492,2.5041239260341754,5.0555001631965215,0.0
62.592,2.505588531848497,5.02064977601194,0.0
62.692,2.506907241475674,4.987816516550317,0.0
62.792,2.5086884612704594,4.953374602526607,0.0
62.892,2.510689481756313,4.919750441624935,0.0
62.992,2.5131427326320526,4.884778760881249,0.0
63.092,2.5156066443223026,4.851568101583481,0.0
63.192,2.5183120981852887,4.819685723518109,0.0
63.292,2.5200612608478297,4.79212471590474,0.0
63.392,2.5211484476060018,4.761653180556314,0.0
63.493,2.5222092349591563,4.727553673717583,0.0
63.593,2.523054864967185,4.693707531089992,0.0
63.693,2.524246387747209,4.660851655530939,0.0
63.793,2.5260100538558534,4.626358500948546,0.0
63.893,2.527659587821349,4.592447938468854,0.0
63.993,2.5292475463529156,4.557599974345494,0.0
64.093,2.530713126239428,4.523733112664708,0.0
64.193,2.5323185097322938,4.48982336825674,0.0
64.293,2.533870094330568,4.45593172699539,0.0
64.393,2.5358288840025027,4.421981492333861,0.0
64.493,2.537618215870554,4.390689460568371,0.0
64.593,2.5387697897186654,4.362952728232415,0.0
64.694,2.539247074746459,4.332503527273839,0.0
64.794,2.539116338919287,4.29848561591835,0.0
64.894,2.5389346304919314,4.26580157539938,0.0
64.994,2.5384423983945514,4.231150609559102,0.0
65.094,2.5373322368000433,4.197509891960311,0.0
65.194,2.5369507526661064,4.16311145061231,0.0
65.294,2.535939679186279,4.13011977714283,0.0
65.394,2.5345291705752673,4.095579160009813,0.0
65.494,2.5327975483839213,4.061566802831957,0.0
65.594,2.5312154623751466,4.027379223206841,0.0
65.694,2.529261911040343,3.9932601646220665,0.0
65.794,2.5276161019227628,3.959156150029602,0.0
65.894,2.5255924009983426,3.9251995568428364,0.0
65.994,2.5237616288116236,3.8914308312781474,0.0
66.094,2.5213463083392416,3.858658402500894,0.0
66.194,2.5186709669391982,3.8245549809370067,0.0
66.294,2.5155742975732305,3.791681807174384,0.0
66.394,2.5120104044452973,3.7572739972933116,0.0
66.494,2.508120683716001,3.723342990144433,0.0
66.594,2.5044825669325363,3.6886817451003973,0.0
66.694,2.50020426695141,3.654933727734439,0.0
66.794,2.49609194926034,3.620597629972685,0.0
66.894,2.4915830640234633,3.5882302242216313,0.0
66.994,2.486295449717786,3.554529467619937,0.0
67.094,2.4807717099541637,3.5211144309718607,0.0
67.194,2.4745114987809473,3.487703368616389,0.0
67.294,2.4676415938035468,3.4540035072187694,0.0
67.394,2.460701947255734,3.4209336720261656,0.0
67.494,2.4539474470860467,3.38821533925567,0.0
67.594,2.446440933542735,3.3553749513360573,0.0
67.694,2.4384264054318616,3.321899438308527,0.0
67.794,2.4300154232726094,3.288809431073718,0.0
67.894,2.4214972453402788,3.255357049713914,0.0
67.994,2.412667714878566,3.2221288597239237,0.0
68.094,2.404081818329249,3.1887226300960827,0.0
68.194,2.394909085413967,3.1552710478608006,0.0
68.294,2.3860958953760667,3.122750285246932,0.0
68.394,2.3769208501404697,3.090007245464258,0.0
68.494,2.3677804677495575,3.0569626226733266,0.0
68.594,2.3585965830584597,3.0254325826798105,0.0
68.695,2.3483898557399834,2.9917137479904747,0.0
68.795,2.338575645915215,2.95992057044897,0.0
68.895,2.328419604228516,2.926890594690424,0.0
68.995,2.318153703546486,2.895230302116465,0.0
69.095,2.3078420252416074,2.8624236565119476,0.0
69.195,2.296930786864288,2.8293636876734483,0.0
69.295,2.2868313528463524,2.796922799736933,0.0
69.395,2.275815663785528,2.7642284149189806,0.0
69.497,2.2659427748397345,2.7306059578875033,0.0
69.597,2.254434660268857,2.6987168924408294,0.0
69.697,2.2435219088040665,2.6658824049809273,0.0
69.797,2.2324756014169105,2.6342302236594244,0.0
69.897,2.221072771158348,2.601520698954823,0.0
69.997,2.2097812677177395,2.57073621932313,0.0
70.097,2.1976734583711885,2.5381844512019462,0.0
70.197,2.1850470942367974,2.5074367215212674,0.0
70.297,2.1720429791201914,2.4762832938777963,0.0
70.397,2.1581056607055564,2.4454153660346267,0.0
70.497,2.144567283463595,2.41443947863634,0.0
70.587,2.131559000366398,2.3862455653273558,0.0
70.597,2.13017534097371,2.3830691046513137,0.0
70.698,2.1158997820459797,2.351512519287117,0.0
70.798,2.102106669549675,2.3201670507424677,0.0
70.898,2.08836543117078,2.2890818817202603,0.0
70.998,2.0745270336741886,2.2582403222755008,0.0
71.098,2.0607660930363,2.2273743461019238,0.0
71.198,2.0469135511098955,2.197063911631953,0.0
71.298,2.032224990421204,2.1658926269633305,0.0
71.398,2.018318414840006,2.1351356577581786,0.0
71.498,2.004027814220845,2.1053700400059934,0.0
71.598,1.9894854915372762,2.074927700659024,0.0
71.698,1.9736741950166603,2.044017187855707,0.0
71.798,1.9589729922529686,2.014150720738421,0.0
71.898,1.9431563893620056,1.9840730337744594,0.0
71.998,1.927647274577578,1.9531514247934245,0.0
72.098,1.9121636991616753,1.924106847064212,0.0
72.198,1.896132178999936,1.8931422810718965,0.0
72.298,1.880113802916162,1.863467333024372,0.0
72.398,1.8639077135169708,1.832834696930584,0.0
72.498,1.847164660810659,1.803434732304703,0.0
72.598,1.8310711264358586,1.773069644009441,0.0
72.698,1.8144736077261172,1.7440841126264792,0.0
72.798,1.7978807557637968,1.713588909195575,0.0
72.898,1.7809332176340713,1.6842324340594803,0.0
72.998,1.7646131889038388,1.6539753785210012,0.0
73.098,1.7479248965873753,1.625173695383377,0.0
73.198,1.731117743053984,1.5950797604409916,0.0
73.298,1.714182609073062,1.5661490558313247,0.0
73.399,1.6969713338694385,1.5359817066486923,0.0
73.49,1.681140360103919,1.5095768730331882,0.0
73.59,1.6639330684017481,1.479846704443941,0.0
73.6,1.6622601300481992,1.4766691343370768,0.0
73.69,1.646591297169455,1.4501792623355316,0.0
73.7,1.644688217300243,1.447355922601527,0.0
73.79,1.6298046289678265,1.4211001186933703,0.0
73.89,1.612562707665437,1.3917077576144534,0.0
73.99,1.5950010069756744,1.3614301271942506,0.0
74.0,1.5933418200347287,1.3580839079257976,0.0
74.09,1.5776629388566694,1.3318962482771237,0.0
74.1,1.5757494310138918,1.3288060331609106,0.0
74.19,1.560423391888769,1.3026269336839167,0.0
74.2,1.5587076173232994,1.2996895453714021,0.0
74.29,1.543138312814658,1.2738113546515373,0.0
74.39,1.5253443159986244,1.244071957668634,0.0
74.4,1.5235684616283427,1.2410476138484936,0.0
74.49,1.507926119371901,1.2150337269033331,0.0
74.59,1.4906509220523294,1.1863013796315531,0.0
74.691,1.4727588090896087,1.1571173987041097,0.0
74.793,1.4547796771296329,1.1278915750574785,0.0
74.893,1.4364309999972473,1.0987348493932727,0.0
74.993,1.418754218001594,1.0708838554033393,0.0
75.093,1.4001698427187914,1.0421126798836124,0.0
75.193,1.3811475265524635,1.0127372626271607,0.0
75.293,1.3620376087650985,0.9835921004838943,0.0
75.393,1.3430916984663797,0.9549126332908142,0.0
75.493,1.3240044013373142,0.9258088539274932,0.0
75.593,1.3058501577305508,0.898056799320824,0.0
75.693,1.2869851067180562,0.8690306791454556,0.0
75.793,1.268187812762286,0.8411523466937226,0.0
75.893,1.2494034524533408,0.8126982769250329,0.0
75.993,1.2305063092313595,0.7848870596542188,0.0
76.094,1.2111663100667203,0.7558872018987904,0.0
76.194,1.1925219146474058,0.7283303559165082,0.0
76.294,1.1735197439302067,0.6997229622607224,0.0
76.394,1.154815014417247,0.6725085274456617,0.0
76.494,1.1356148236386465,0.6444113428472852,0.0
76.594,1.1161687347036504,0.6169822443226044,0.0
76.694,1.0963711250806196,0.5886537494011493,0.0
76.794,1.0771957571362571,0.5607923058455563,0.0
76.894,1.0576033365370714,0.5327072275213349,0.0
76.994,1.0387042819635093,0.5060098987083137,0.0
77.094,1.0187529968478772,0.4779423177313323,0.0
77.194,0.998984247407914,0.45063568084737304,0.0
77.294,0.9784887425164551,0.4225219392821964,0.0
77.394,0.9590619830485675,0.3952194537893654,0.0
77.494,0.9392478837310658,0.36780689759008467,0.0
77.594,0.9188588021370052,0.33947825618033745,0.0
77.694,0.8992087825021089,0.3122284052628443,0.0
77.794,0.8789004053242553,0.28453481601747604,0.0
77.894,0.8591980403144619,0.25793525239673143,0.0
77.994,0.8387051501753372,0.23073277776878118,0.0
78.094,0.8179960407036458,0.20389095977533106,0.0
78.194,0.7971491721818527,0.1767626794281382,0.0
78.294,0.7762669554568401,0.1494570246900523,0.0
78.394,0.7559008318451422,0.12233624520356114,0.0
78.494,0.7357878769207831,0.09621512928059997,0.0
78.594,0.7149445451193224,0.0691584620141201,0.0
78.694,0.6940630516593792,0.04274556071137371,0.0
78.794,0.6730756526431991,0.015779687718942222,0.0
78.894,0.6528646873532803,-0.009637233814022048,0.0
78.994,0.6313724669541225,-0.03651039429796243,0.0
79.094,0.6100845587964112,-0.061953438526757616,0.0
79.194,0.5883926221347762,-0.08830518169068162,0.0
79.294,0.5665318728673778,-0.11414521158930752,0.0
79.394,0.5445598146174425,-0.14062536026767444,0.0
79.494,0.5225509817865743,-0.16609426479193082,0.0
79.594,0.5007720858890957,-0.19229668544307485,0.0
79.694,0.4791560076192545,-0.21752784040600961,0.0
79.794,0.45666222237880566,-0.24406155262800436,0.0
79.894,0.4352218898790532,-0.269180771762001,0.0
79.994,0.4129014681512254,-0.2958191938721311,0.0
80.094,0.3909560109731666,-0.3214688652231518,0.0
80.194,0.36839858392040614,-0.3475278949252074,0.0
80.294,0.3463744422770074,-0.37278686824426005,0.0
80.394,0.3241141093252571,-0.3989107185438491,0.0
80.494,0.30244446948217,-0.4240592998010933,0.0
80.594,0.280242023110449,-0.449620993645246,0.0
80.694,0.2582043718131188,-0.4745247827909353,0.0
80.794,0.23491619310461143,-0.5007957557748742,0.0
80.894,0.21255376114515043,-0.5257941886949503,0.0
80.994,0.18980473296438727,-0.5512416395034243,0.0
81.094,0.16709495188970858,-0.5763566441052965,0.0
81.194,0.1435557213168668,-0.6026187056387542,0.0
81.294,0.12150476280961667,-0.6271407420192038,0.0
81.394,0.09817513111668531,-0.6529498667652532,0.0
81.494,0.07564642130359915,-0.6779582503356854,0.0
81.594,0.05226379219708796,-0.7037737991618805,0.0
81.694,0.029677857816308554,-0.728841444489461,0.0
81.794,0.006675094010916534,-0.7546042957257348,0.0
81.894,-0.01567302905710375,-0.77976622429368,0.0
81.994,-0.03814745271348125,-0.8046648996374551,0.0
82.094,-0.06165781816968264,-0.8304487685589524,0.0
82.194,-0.08417583989183323,-0.8550184530660893,0.0
82.294,-0.10698585066269635,-0.8800701681905052,0.0
82.394,-0.13020579672565144,-0.9047585472498294,0.0
82.494,-0.15305288212335508,-0.9298786498628889,0.0
82.594,-0.17598270986277162,-0.9544702801744833,0.0
82.694,-0.19959472912644577,-0.9801669669892026,0.0
82.794,-0.22268415012865367,-1.0050316592762067,0.0
82.894,-0.2459593628187051,-1.0305861187102532,0.0
82.994,-0.2686550526330987,-1.0546088505310136,0.0
83.094,-0.2918814788369296,-1.079508784738902,0.0
83.194,-0.31501232222705444,-1.1034199661185546,0.0
83.294,-0.33881369357800684,-1.1281734551518017,0.0
83.394,-0.36245922826676386,-1.1525331536900245,0.0
83.494,-0.3862581824885172,-1.1777534740471498,0.0
83.594,-0.4095992867765689,-1.2023342584757057,0.0
83.694,-0.43276986703880493,-1.2270782017352535,0.0
83.794,-0.45614514350414265,-1.2517971927079152,0.0
83.894,-0.47984784606873754,-1.2766646864437992,0.0
83.994,-0.5024776800616323,-1.3004085981056657,0.0
84.094,-0.5261496878068556,-1.3252166056047108,0.0
84.194,-0.5490634891824395,-1.3488617506323308,0.0
84.294,-0.5727329872358681,-1.3729030426933162,0.0
84.394,-0.596278833618189,-1.3964061289851368,0.0
84.494,-0.6205858885743142,-1.420112640679058,0.0
84.594,-0.6455793490469006,-1.4437401701444204,0.0
84.694,-0.6699332199817215,-1.4666036983808066,0.0
84.794,-0.6946274970170093,-1.4895915187460578,0.0
84.894,-0.7194517179182103,-1.512917460199906,0.0
84.994,-0.7441388096019991,-1.5359789677637177,0.0
85.094,-0.7687938345009936,-1.5593573621495196,0.0
85.194,-0.793885877595791,-1.5832003207730048,0.0
85.294,-0.8179507046424931,-1.605521538392606,0.0
85.394,-0.8435360410277307,-1.6291730006492686,0.0
85.494,-0.8677436505257542,-1.651452464273436,0.0
85.594,-0.8926360436099365,-1.6742857682610877,0.0
85.694,-0.9175576861720995,-1.6970482807790959,0.0
85.794,-0.9431652901614046,-1.720411677860252,0.0
85.894,-0.9681486365519458,-1.742805463965529,0.0
85.994,-0.9931369005598295,-1.765963207693507,0.0
86.094,-1.0184202386865195,-1.788737777648623,0.0
86.194,-1.0438830192885293,-1.811928419964577,0.0
86.294,-1.069250968712341,-1.8344893403678326,0.0
86.394,-1.0945516620362872,-1.8572623583476402,0.0
86.494,-1.1195927712938445,-1.8789809348491653,0.0
86.594,-1.1454237658589361,-1.9017126006724878,0.0
86.694,-1.1703101464410304,-1.9232066928369724,0.0
86.794,-1.196213731572772,-1.9457522928614668,0.0
86.894,-1.2216643062901886,-1.9674837611459177,0.0
86.994,-1.2479133882697901,-1.9905704114689016,0.0
87.094,-1.2727355862888707,-2.0119128850389147,0.0
87.194,-1.2989181478530745,-2.0340570181878115,0.0
87.294,-1.3240186016895397,-2.0548884070859237,0.0
87.394,-1.350389874318302,-2.076589622859464,0.0
87.494,-1.3765959365199085,-2.0981623774601514,0.0
87.594,-1.4033537052257263,-2.1203757728596337,0.0
87.694,-1.429671442099589,-2.141756389687126,0.0
87.794,-1.456031444371607,-2.163280056660456,0.0
87.894,-1.4820960137415433,-2.1843703246470234,0.0
87.994,-1.5086484133394489,-2.20556280781641,0.0
88.094,-1.5351048931884812,-2.2266550377906067,0.0
88.194,-1.562240925700114,-2.2485949462994803,0.0
88.294,-1.5884922646004649,-2.2699321119506344,0.0
88.394,-1.615263117209814,-2.291450508846505,0.0
88.494,-1.6414100186294827,-2.3126763362592673,0.0
88.594,-1.6680258902251288,-2.334516653348852,0.0
88.694,-1.694263690334239,-2.356154301659012,0.0
88.794,-1.7206213743603003,-2.3775011104411963,0.0
88.894,-1.7468268400384637,-2.3991007221255325,0.0
88.994,-1.7727698724495031,-2.4201529305735954,0.0
89.094,-1.7992040898709165,-2.4419657134193553,0.0
89.194,-1.8259287243984905,-2.4636404166588344,0.0
89.294,-1.852229112695409,-2.4854689855086285,0.0
89.394,-1.8788215476549726,-2.507657609664536,0.0
89.494,-1.9041400883569888,-2.5299462892059865,0.0
89.594,-1.9300230071583426,-2.551993506095054,0.0
89.694,-1.9561666274450575,-2.5750537868075964,0.0
89.794,-1.981809502321986,-2.5971125446296455,0.0
89.894,-2.0077036327834588,-2.6202070708223983,0.0
89.994,-2.032464526107371,-2.6421466381831307,0.0
90.094,-2.0585909895501713,-2.6651734676803027,0.0
90.194,-2.084733126185438,-2.688119821984021,0.0
90.294,-2.110196140329485,-2.7109256333883556,0.0
90.394,-2.1348628089548902,-2.732541276529279,0.0
90.494,-2.1617410925206326,-2.755813854197899,0.0
90.594,-2.187170293051835,-2.7776334794868176,0.0
90.694,-2.2132904648659206,-2.8006430071932926,0.0
90.794,-2.2384098052215777,-2.822600438794808,0.0
90.894,-2.2645809790186484,-2.845862973309196,0.0
90.994,-2.289383417825566,-2.868277595028528,0.0
91.094,-2.3145949585744034,-2.8911720548109208,0.0
91.194,-2.340323554805131,-2.914142443903367,0.0
91.294,-2.3655670997986453,-2.9369560429995163,0.0
91.394,-2.3908426784657757,-2.9599472024347695,0.0
91.494,-2.4155524700165554,-2.9823807785305254,0.0
91.594,-2.4406194556148377,-3.0050098030893273,0.0
91.694,-2.466309049018761,-3.028208397927627,0.0
91.794,-2.4912742641662584,-3.050791410908161,0.0
91.895,-2.516791626896102,-3.073809902313258,0.0
91.995,-2.542522373685254,-3.097299927938895,0.0
92.095,-2.567293288644529,-3.1198233258563697,0.0
92.195,-2.592361354294172,-3.1428496284549166,0.0
92.295,-2.6173506241229836,-3.165135607591794,0.0
92.395,-2.642251620972604,-3.187960334934277,0.0
92.495,-2.6668810401216954,-3.2100494400019732,0.0
92.595,-2.6918901586632105,-3.2324215097025655,0.0
92.695,-2.7172878324211047,-3.254782581122966,0.0
92.795,-2.7435137291625704,-3.277742855238041,0.0
92.895,-2.7695597857898386,-3.2996782928617407,0.0
92.997,-2.7955708662293466,-3.322600945563292,0.0
93.097,-2.8211418020177015,-3.3439246887708918,0.0
93.197,-2.847201860469056,-3.3665570800194162,0.0
93.297,-2.873021233937928,-3.3881551326165766,0.0
93.397,-2.8985434887468857,-3.4106208923156154,0.0
93.497,-2.9239066861032486,-3.43189766996132,0.0
93.597,-2.9497272803162957,-3.45433662878425,0.0
93.697,-2.9754441543335766,-3.475814298921633,0.0
93.797,-3.001574957867042,-3.4980097606293703,0.0
93.897,-3.0278832043167503,-3.5195276336087034,0.0
93.997,-3.053558088166128,-3.5417312503498173,0.0
94.097,-3.0797920622072716,-3.5633538204102355,0.0
94.197,-3.105771700149778,-3.5857401365088846,0.0
94.297,-3.1303536831851724,-3.6067977800379762,0.0
94.397,-3.156659373874918,-3.6295718540917177,0.0
94.497,-3.1824025679128853,-3.650913478263447,0.0
94.597,-3.2090066296484125,-3.6732503866769686,0.0
94.697,-3.235274492835547,-3.695550926323712,0.0
94.798,-3.261940764543803,-3.718085306605862,0.0
94.898,-3.2881620059190837,-3.740085722772073,0.0
94.998,-3.3138913280457363,-3.762079869285425,0.0
95.098,-3.339445300641558,-3.7832769738991727,0.0
95.198,-3.3662030901096256,-3.8052885541312587,0.0
95.298,-3.388983367169721,-3.824356695891217,0.0
95.398,-3.404334400791752,-3.83705886834254,0.0
95.498,-3.4155357878977264,-3.8459169542925538,0.0
95.598,-3.424431615188572,-3.851975674781833,0.0
95.698,-3.4339435265494873,-3.857498901995011,0.0
95.798,-3.4434506631347364,-3.862883285541862,0.0
95.898,-3.457728875818611,-3.870276248837515,0.0
95.998,-3.4804779465153484,-3.8802169799160384,0.0
96.098,-3.5061072530311774,-3.890609329679197,0.0
96.198,-3.532323190030476,-3.900165106213725,0.0
96.298,-3.558868833252271,-3.908829972210648,0.0
96.398,-3.585103687905888,-3.916886023033508,0.0
96.498,-3.614918576502456,-3.92497782475209,0.0
96.598,-3.647966065846141,-3.9338462362304205,0.0
96.698,-3.680140781815427,-3.9422309257772628,0.0
96.798,-3.7138734235498894,-3.9509936243558794,0.0
96.898,-3.7464470242258527,-3.959949387853264,0.0
96.998,-3.7798220847529387,-3.9686483568848985,0.0
97.098,-3.8118830416885365,-3.9775840685962964,0.0
97.198,-3.845420765668275,-3.986649945778924,0.0
97.298,-3.8778465416711154,-3.9958265794286643,0.0
97.398,-3.9112320909891563,-4.005449609374388,0.0
97.498,-3.9436647248477112,-4.014676103123831,0.0
97.598,-3.977627697167114,-4.024360602170314,0.0
97.698,-4.009476376450543,-4.033857933526674,0.0
97.798,-4.0424630180025405,-4.043663194327117,0.0
97.899,-4.075019597968587,-4.053856736877263,0.0
97.999,-4.108353446498878,-4.063507999907991,0.0
98.099,-4.14009151442523,-4.073383905439258,0.0
98.199,-4.173308988690083,-4.083591199431965,0.0
98.299,-4.2054569546435685,-4.093932893008089,0.0
98.399,-4.238485335229706,-4.104339199147289,0.0
98.499,-4.270789668039182,-4.114985385444429,0.0
98.599,-4.3037021006725125,-4.125752286494336,0.0
98.699,-4.335557142293477,-4.136656569496316,0.0
98.789,-4.36482119189839,-4.1466629568908075,0.0
98.89,-4.397119263652839,-4.157703574402405,0.0
98.9,-4.400586465452031,-4.158951705550669,0.0
98.99,-4.429613088037873,-4.168874403764708,0.0
99.0,-4.433092004767757,-4.169856914628222,0.0
99.09,-4.46258548466773,-4.180495252373779,0.0
99.1,-4.465927800709321,-4.181689452508745,0.0
99.19,-4.494362496577019,-4.191972235717333,0.0
99.29,-4.526402771425699,-4.203685318284247,0.0
99.3,-4.529364166404892,-4.204738891925067,0.0
99.39,-4.557947799007085,-4.2153252856016366,0.0
99.49,-4.590295116973147,-4.227227016323192,0.0
99.59,-4.621871935201579,-4.238941123865912,0.0
99.69,-4.654514920272574,-4.251121678304106,0.0
99.7,-4.657717783796432,-4.252349390234858,0.0
99.79,-4.685756385143396,-4.262873722077772,0.0
99.89,-4.7181134421875806,-4.275069196247052,0.0
99.9,-4.721376723853513,-4.276408670356129,0.0
99.99,-4.749147496255503,-4.2870568960482,0.0
100.0,-4.752321464935265,-4.288391961905504,0.0
100.09,-4.781283407351704,-4.299935360359393,0.0
100.1,-4.7844125614728865,-4.301322647995522,0.0
100.19,-4.8125592424371595,-4.312364930528405,0.0
100.2,-4.815763541305865,-4.313921587802963,0.0
100.29,-4.844775094811348,-4.3252504516885235,0.0
100.3,-4.847917338316563,-4.326624884596703,0.0
100.39,-4.876051530745341,-4.33781058932952,0.0
100.49,-4.907996351404173,-4.350758980567155,0.0
100.5,-4.9110285969501675,-4.35209418253433,0.0
100.59,-4.93887981438623,-4.363445696799784,0.0
100.6,-4.9422371817937005,-4.365108385804614,0.0
100.69,-4.970832597336294,-4.376760970567358,0.0
100.79,-5.00185793517972,-4.3896695878628975,0.0
100.89,-5.033680732991989,-4.403167316435454,0.0
100.9,-5.037031829111679,-4.404476876135557,0.0
100.99,-5.064535959650001,-4.416436184805375,0.0
101.0,-5.0675402265513405,-4.4178976314541,0.0
101.09,-5.096094594434984,-4.430326311960681,0.0
101.19,-5.126777856932732,-4.443786934991455,0.0
101.2,-5.130136788129378,-4.445445346674422,0.0
101.29,-5.15829019143357,-4.457651920732855,0.0
101.3,-5.161582377719924,-4.458823134484855,0.0
101.39,-5.188784873554956,-4.47113062221229,0.0
101.4,-5.191327063840897,-4.472415648196192,0.0
101.49,-5.220181976939964,-4.485357269261983,0.0
101.5,-5.223484337188297,-4.486564402671742,0.0
101.59,-5.2507235236247265,-4.499320554853602,0.0
101.6,-5.253863768843443,-4.500741006409848,0.0
101.69,-5.279633980979515,-4.512851770053433,0.0
101.7,-5.282166003911396,-4.513752338914049,0.0
101.79,-5.304453003609446,-4.525048794179677,0.0
101.8,-5.307005900191726,-4.526114442917358,0.0
101.89,-5.329382916582117,-4.538263400608678,0.0
101.99,-5.353652537350862,-4.552009693760847,0.0
102.0,-5.3561069658492535,-4.553078687779717,0.0
102.1,-5.380085338209031,-4.567777653058367,0.0
102.19,-5.4006418773719,-4.58144833202696,0.0
102.2,-5.402982783818213,-4.5827322816634295,0.0
102.29,-5.423370023610901,-4.5971074356217345,0.0
102.39,-5.4459013415526165,-4.61377586919677,0.0
102.49,-5.470171596970589,-4.632504239992881,0.0
102.5,-5.473055780325145,-4.634418300882426,0.0
102.59,-5.496438300200266,-4.653761224390995,0.0
102.6,-5.498954353867407,-4.656019487041028,0.0
102.69,-5.522845974450692,-4.6754498273814535,0.0
102.79,-5.548714839086416,-4.69745266678411,0.0
102.89,-5.574353386315203,-4.719636026424382,0.0
102.99,-5.599697042596696,-4.742482745008876,0.0
103.09,-5.624760125255134,-4.765283140075605,0.0
103.1,-5.627608588472726,-4.767654171712323,0.0
103.19,-5.649719955851759,-4.788827077328537,0.0
103.29,-5.67427719551762,-4.8124065197785235,0.0
103.39,-5.698568595090356,-4.83667840486592,0.0
103.49,-5.722106366796015,-4.8607930717043475,0.0
103.59,-5.745752677589494,-4.885909552346086,0.0
103.6,-5.747931076899606,-4.888408703462875,0.0
103.69,-5.768422114566278,-4.910553138492931,0.0
103.7,-5.770691208687253,-4.9129026481745885,0.0
103.79,-5.791021103673588,-4.936432802279205,0.0
103.8,-5.792998611354211,-4.938833472091375,0.0
103.89,-5.8132013535395695,-4.961897879360862,0.0
103.99,-5.835565371889717,-4.988705491759802,0.0
104.0,-5.837722185270735,-4.991270767256818,0.0
104.09,-5.856674660440933,-5.014573177343174,0.0
104.19,-5.8782184976062535,-5.042040558225567,0.0
104.29,-5.898938624959439,-5.069059328274662,0.0
104.39,-5.919560441853211,-5.096357408604573,0.0
104.4,-5.921559064251783,-5.0990140104275055,0.0
104.49,-5.938366980741807,-5.121327581944912,0.0
104.59,-5.955365912260776,-5.143275440036796,0.0
104.69,-5.973026920323545,-5.16483962876192,0.0
104.79,-5.991412124028358,-5.185799716406325,0.0
104.8,-5.993352219646752,-5.187820549437283,0.0
104.89,-6.009837183836289,-5.205768706853268,0.0
104.99,-6.029146963915308,-5.2253524542150025,0.0
105.0,-6.031124220076202,-5.227456522157386,0.0
105.09,-6.049066736072539,-5.2445526379209735,0.0
105.1,-6.051102901333192,-5.24636161083247,0.0
105.19,-6.071322937601598,-5.264907999228024,0.0
105.2,-6.0736447640409645,-5.267413726656079,0.0
105.29,-6.096494733517332,-5.2872091481803185,0.0
105.39,-6.122197948280075,-5.310326509237871,0.0
105.49,-6.1473572639361524,-5.333079586283436,0.0
105.5,-6.149883476449531,-5.335563674901155,0.0
105.59,-6.172702587106979,-5.35612128432987,0.0
105.69,-6.197598693276982,-5.378425898791526,0.0
105.79,-6.223557932439894,-5.401258704100395,0.0
105.89,-6.249399040839927,-5.423890149452733,0.0
105.99,-6.274758646087793,-5.4464942360585145,0.0
106.09,-6.3002865890437745,-5.4689178687307285,0.0
106.1,-6.302455782974434,-5.470970242741892,0.0
106.19,-6.323216171584285,-5.489527642507345,0.0
106.2,-6.325364908694706,-5.491106841962034,0.0
106.29,-6.338655458274558,-5.503528202231571,0.0
106.39,-6.350461353678483,-5.514284579246599,0.0
106.49,-6.358578114039544,-5.522464370490918,0.0
106.59,-6.3660359526276356,-5.530223922646658,0.0
106.69,-6.373232620352514,-5.53801892310421,0.0
106.7,-6.373917768491867,-5.538791846624932,0.0
106.79,-6.379610081101236,-5.545984023761512,0.0
106.89,-6.38533479912207,-5.554368797849912,0.0
106.9,-6.385748379405297,-5.55526990603916,0.0
106.99,-6.391080426872346,-5.563462320163678,0.0
107.0,-6.391671625929056,-5.564436455519558,0.0
107.09,-6.396734228189728,-5.572694430628863,0.0
107.19,-6.4017625368105415,-5.581936884396832,0.0
107.29,-6.40798392011145,-5.595227431435734,0.0
107.39,-6.416939520073226,-5.617636216290098,0.0
107.4,-6.418091235686764,-5.620161883845495,0.0
107.49,-6.426502435986609,-5.643935600379387,0.0
107.59,-6.435179742230794,-5.670621353083777,0.0
107.69,-6.443021269110676,-5.697259422692657,0.0
107.7,-6.444067263879303,-5.699830770757566,0.0
107.79,-6.45020467311519,-5.724545812204431,0.0
107.8,-6.450692790933732,-5.727252689305115,0.0
107.89,-6.45663417352071,-5.753479268636908,0.0
107.9,-6.457501323384877,-5.756760673090486,0.0
107.99,-6.46362140838603,-5.786675223695996,0.0
108.09,-6.470652691959509,-5.8202452988732505,0.0
108.1,-6.471686856753786,-5.823558896846672,0.0
108.19,-6.4778385910845575,-5.8539021858258895,0.0
108.2,-6.478280992404241,-5.857445590660986,0.0
108.29,-6.485022107189505,-5.887924356597733,0.0
108.39,-6.492005784291504,-5.920266276071089,0.0
108.49,-6.499996229523983,-5.9521281770175225,0.0
108.5,-6.501456580512881,-5.953376344300306,0.0
108.59,-6.505858008908282,-5.978975916345211,0.0
108.6,-6.506395871826844,-5.981761477385669,0.0
108.7,-6.513603136191065,-6.0148262948846325,0.0
108.79,-6.519685275196849,-6.045432681862298,0.0
108.89,-6.526147590211838,-6.078595630257117,0.0
108.9,-6.526608180597265,-6.082174415610969,0.0
108.99,-6.532679502640004,-6.1109710681604215,0.0
109.09,-6.539343360197271,-6.141510947294995,0.0
109.19,-6.546360829728485,-6.175025848901279,0.0
109.2,-6.546763103802132,-6.178250212644719,0.0
109.29,-6.5511078790498,-6.202484082717763,0.0
109.39,-6.555602939509351,-6.225400255730761,0.0
109.49,-6.55908101285657,-6.233311123211784,0.0
109.5,-6.559273500614809,-6.2348932987038435,0.0
109.59,-6.562525503981658,-6.262386574921177,0.0
109.69,-6.565787410952612,-6.296084324729426,0.0
109.8,-6.5683263662626645,-6.3326741020395785,0.0
109.89,-6.56934956192344,-6.364395584326803,0.0
109.9,-6.569283447183854,-6.367172938414285,0.0
109.99,-6.569956624431707,-6.396004505191243,0.0
110.0,-6.570299168615859,-6.399427665895367,0.0
110.09,-6.571035663382661,-6.42895026435989,0.0
110.1,-6.570770936979872,-6.432344621932705,0.0
110.19,-6.57191264958488,-6.463445659966138,0.0
110.2,-6.572240698104164,-6.466952031223918,0.0
110.29,-6.57284239965538,-6.496828748499734,0.0
110.39,-6.573813975624032,-6.530808393730613,0.0
110.4,-6.574132399309049,-6.534379990534581,0.0
110.49,-6.574553523933979,-6.564594862380935,0.0
110.5,-6.574423698405411,-6.568308163756343,0.0
110.59,-6.575405616719428,-6.59862625745499,0.0
110.6,-6.575865438444117,-6.602038076354008,0.0
110.69,-6.576310386046046,-6.6326117456610865,0.0
110.7,-6.576137591461887,-6.636068496221172,0.0
110.8,-6.577678732001881,-6.669977398970626,0.0
110.89,-6.578073256714243,-6.699972431505029,0.0
110.99,-6.578805744485435,-6.731638993805296,0.0
111.1,-6.579917373613345,-6.758614574645737,0.0
111.19,-6.580904895986935,-6.777275530334584,0.0
111.2,-6.5809901987531925,-6.779270752053363,0.0
111.29,-6.582012752001504,-6.797992644373662,0.0
111.3,-6.582083100078223,-6.799973685369337,0.0
111.39,-6.5831258485240465,-6.818633817682599,0.0
111.49,-6.58445430410259,-6.839504973985337,0.0
111.59,-6.585829849256727,-6.860456910084418,0.0
111.69,-6.587341308934715,-6.881498365509551,0.0
111.79,-6.588979418739504,-6.9025434196917645,0.0
111.89,-6.590736039779381,-6.9235680032533145,0.0
111.99,-6.5926327628895445,-6.944642919654908,0.0
112.09,-6.594634805194027,-6.965546343502758,0.0
112.19,-6.596739647262162,-6.986437030640105,0.0
112.2,-6.596976235161247,-6.988603886186241,0.0
112.29,-6.59896435537548,-7.007469128121141,0.0
112.39,-6.601544577120072,-7.0312599310559385,0.0
112.49,-6.604045546455313,-7.058817954166208,0.0
112.5,-6.603965652792413,-7.061550060489612,0.0
112.59,-6.60569193312089,-7.086568701768585,0.0
112.6,-6.605841157095605,-7.089258438589103,0.0
112.69,-6.606432619660173,-7.115975763462012,0.0
112.7,-6.606246657585982,-7.119406057191856,0.0
112.79,-6.607179064000879,-7.150157418336927,0.0
112.8,-6.607281057655852,-7.153359562116277,0.0
112.89,-6.607792159966764,-7.184685707016829,0.0
112.99,-6.608268779540766,-7.218239410911715,0.0
113.0,-6.608038934980869,-7.221679729053214,0.0
113.09,-6.608632513895989,-7.25216594884353,0.0
113.19,-6.609056840210157,-7.286176839911492,0.0
113.29,-6.609387312142467,-7.320252200035159,0.0
113.39,-6.61000941411639,-7.354702402657921,0.0
113.4,-6.609780901978238,-7.3581706241592455,0.0
113.49,-6.610392561799421,-7.388312968292616,0.0
113.59,-6.610956555688473,-7.422579040834706,0.0
113.69,-6.61159475234011,-7.456101272517179,0.0
113.7,-6.611996486826582,-7.459447969095084,0.0
113.79,-6.612422929462347,-7.489472362698898,0.0
113.89,-6.613232821431501,-7.524555409868097,0.0
113.9,-6.613636091683922,-7.527924606845763,0.0
113.99,-6.6140718127251334,-7.557645072889371,0.0
114.0,-6.6138346475653345,-7.561040646925546,0.0
114.09,-6.615132401262004,-7.589303323777244,0.0
114.19,-6.61514978339453,-7.613606210674439,0.0
114.29,-6.615149550848783,-7.64185091942603,0.0
114.39,-6.616501835186059,-7.675347841405655,0.0
114.4,-6.616916557772314,-7.678667724358345,0.0
114.49,-6.61804833816894,-7.710539071035878,0.0
114.5,-6.6178954765399185,-7.713900391888355,0.0
114.59,-6.619251859162352,-7.744207682489257,0.0
114.69,-6.62012568162434,-7.775080637242855,0.0
114.79,-6.6220108780505385,-7.81085283225209,0.0
114.89,-6.6235809571831235,-7.846355259001922,0.0
114.99,-6.625172189134049,-7.8818239120601765,0.0
115.09,-6.626555795825714,-7.910353408950365,0.0
115.19,-6.628674378415101,-7.945025181661879,0.0
115.29,-6.630430214400006,-7.978874885339515,0.0
115.39,-6.632391519287211,-8.012818531277407,0.0
115.49,-6.6344926329404,-8.046773263869703,0.0
115.5,-6.634934813082544,-8.050230506139743,0.0
115.6,-6.636906295620696,-8.084216170715013,0.0
115.69,-6.639457438129091,-8.115419356132586,0.0
115.79,-6.6417182957170215,-8.149588116776378,0.0
115.8,-6.641937415925113,-8.15306464913053,0.0
115.89,-6.6442678412359735,-8.183479999800323,0.0
115.99,-6.646812395445535,-8.217803325918686,0.0
116.0,-6.64705896242749,-8.22095545430031,0.0
116.09,-6.649418946019457,-8.25132207070383,0.0
116.19,-6.6518517521501925,-8.285623490275393,0.0
116.2,-6.652132719985444,-8.288701900471521,0.0
116.29,-6.6549016723687044,-8.320441931193319,0.0
116.3,-6.655017995393978,-8.32410042866542,0.0
116.39,-6.657946164033399,-8.354010499878566,0.0
116.49,-6.660976965480841,-8.387445832258567,0.0
116.5,-6.661068794807318,-8.390885275694126,0.0
116.59,-6.663896934832406,-8.421077337337186,0.0
116.6,-6.664127934961411,-8.424269329701593,0.0
116.69,-6.6667636554757035,-8.454627178552785,0.0
116.7,-6.666857249464491,-8.458262257687672,0.0
116.79,-6.67018033276269,-8.48913000457498,0.0
116.8,-6.6707718105178815,-8.492374335556189,0.0
116.89,-6.673737912381995,-8.522813996352847,0.0
116.9,-6.673857868695412,-8.526333502905194,0.0
116.99,-6.677459160954467,-8.55623482095785,0.0
117.0,-6.678240602746646,-8.559435317322455,0.0
117.09,-6.6816842827746274,-8.590993992641899,0.0
117.19,-6.685678924865719,-8.62420966214465,0.0
117.29,-6.6901015080894215,-8.658322014176118,0.0
117.3,-6.690237262790689,-8.661816773697996,0.0
117.39,-6.694529226255453,-8.691748988586903,0.0
117.49,-6.699513860326003,-8.726251854539104,0.0
117.5,-6.699669897641935,-8.729678035920891,0.0
117.59,-6.704247462437437,-8.759627790631276,0.0
117.69,-6.70916412324075,-8.792986718714756,0.0
117.79,-6.714270783440095,-8.826443799304785,0.0
117.89,-6.720087821101468,-8.860523388100399,0.0
117.9,-6.720401901456965,-8.864068931594415,0.0
117.99,-6.725825549469123,-8.894433933627226,0.0
118.09,-6.731400820300927,-8.927703850286704,0.0
118.1,-6.731767679177652,-8.931070199572046,0.0
118.19,-6.736950113057148,-8.961490626477522,0.0
118.29,-6.742699978272067,-8.995032960697529,0.0
118.3,-6.742986688846839,-8.998567431375106,0.0
118.39,-6.7487269597219655,-9.02934111896738,0.0
118.49,-6.754680816236242,-9.062426082424283,0.0
118.5,-6.755084710063444,-9.065988136928643,0.0
118.59,-6.760949576138982,-9.095885741828024,0.0
118.69,-6.767786532385563,-9.12968547211677,0.0
118.7,-6.768364057270889,-9.133133199269155,0.0
